{
"Profiles": [ {
  "Ansi 6 Color" : {
    "Green Component" : 0.5601996183395386,
    "Blue Component" : 0.6417898535728455,
    "Red Component" : 0.3401885032653809
  },
  "Tags" : [

  ],
  "Ansi 12 Color" : {
    "Green Component" : 0.4259073138237,
    "Blue Component" : 0.8910911083221436,
    "Red Component" : 0.09343445301055908
  },
  "Ansi 7 Color" : {
    "Green Component" : 0.7377275228500366,
    "Blue Component" : 0.7279912233352661,
    "Red Component" : 0.7237878441810608
  },
  "Ansi 8 Color" : {
    "Green Component" : 0.5384771227836609,
    "Blue Component" : 0.5296611785888672,
    "Red Component" : 0.5340051651000977
  },
  "Bold Color" : {
    "Green Component" : 1,
    "Blue Component" : 0.6972571611404419,
    "Red Component" : 0.9957506656646729
  },
  "Ansi 9 Color" : {
    "Green Component" : 0,
    "Blue Component" : 0.1197016835212708,
    "Red Component" : 0.9859237670898438
  },
  "Ansi 4 Color" : {
    "Green Component" : 0.4634898602962494,
    "Blue Component" : 0.6328037977218628,
    "Red Component" : 0.3079511821269989
  },
  "Right Option Key Sends" : 0,
  "Rows" : 25,
  "Default Bookmark" : "No",
  "Cursor Guide Color" : {
    "Red Component" : 0.65,
    "Color Space" : "Calibrated",
    "Blue Component" : 1,
    "Alpha Component" : 0.25,
    "Green Component" : 0.91
  },
  "Non-ASCII Anti Aliased" : true,
  "Use Bright Bold" : true,
  "Ansi 10 Color" : {
    "Green Component" : 0.4459475874900818,
    "Blue Component" : 0.1826251447200775,
    "Red Component" : 0.05827388912439346
  },
  "Ambiguous Double Width" : false,
  "Jobs to Ignore" : [
    "rlogin",
    "ssh",
    "slogin",
    "telnet"
  ],
  "Ansi 15 Color" : {
    "Green Component" : 1,
    "Blue Component" : 0.7244186997413635,
    "Red Component" : 0.9908860921859741
  },
  "Foreground Color" : {
    "Green Component" : 0.7377275228500366,
    "Blue Component" : 0.7279912233352661,
    "Red Component" : 0.7237878441810608
  },
  "Working Directory" : "\/Users\/cad",
  "Bound Hosts" : [

  ],
  "Blinking Cursor" : true,
  "Disable Window Resizing" : true,
  "Sync Title" : false,
  "Description" : "Default",
  "BM Growl" : true,
  "Command" : "",
  "Mouse Reporting" : true,
  "Prompt Before Closing 2" : false,
  "Screen" : -1,
  "Selection Color" : {
    "Green Component" : 0.175298884510994,
    "Blue Component" : 0.1951855719089508,
    "Red Component" : 0.1633204221725464
  },
  "Columns" : 80,
  "Idle Code" : 0,
  "Ansi 13 Color" : {
    "Green Component" : 0,
    "Blue Component" : 0.4040433764457703,
    "Red Component" : 0.9859346747398376
  },
  "Custom Command" : "No",
  "ASCII Anti Aliased" : true,
  "Non Ascii Font" : "Monaco 12",
  "Vertical Spacing" : 1,
  "Use Bold Font" : true,
  "Option Key Sends" : 0,
  "Selected Text Color" : {
    "Green Component" : 0.7377275228500366,
    "Blue Component" : 0.7279912233352661,
    "Red Component" : 0.7237878441810608
  },
  "Background Color" : {
    "Green Component" : 0.1205069124698639,
    "Blue Component" : 0.120508961379528,
    "Red Component" : 0.1205105185508728
  },
  "Character Encoding" : 4,
  "Ansi 11 Color" : {
    "Green Component" : 0.4406515061855316,
    "Blue Component" : 0.2010756433010101,
    "Red Component" : 0.7675045728683472
  },
  "Use Italic Font" : true,
  "Unlimited Scrollback" : false,
  "Keyboard Map" : {
    "0xf700-0x260000" : {
      "Action" : 10,
      "Text" : "[1;6A"
    },
    "0x37-0x40000" : {
      "Action" : 11,
      "Text" : "0x1f"
    },
    "0x32-0x40000" : {
      "Action" : 11,
      "Text" : "0x00"
    },
    "0xf709-0x20000" : {
      "Action" : 10,
      "Text" : "[17;2~"
    },
    "0xf70c-0x20000" : {
      "Action" : 10,
      "Text" : "[20;2~"
    },
    "0xf729-0x20000" : {
      "Action" : 10,
      "Text" : "[1;2H"
    },
    "0xf72b-0x40000" : {
      "Action" : 10,
      "Text" : "[1;5F"
    },
    "0xf705-0x20000" : {
      "Action" : 10,
      "Text" : "[1;2Q"
    },
    "0xf703-0x260000" : {
      "Action" : 10,
      "Text" : "[1;6C"
    },
    "0xf700-0x220000" : {
      "Action" : 10,
      "Text" : "[1;2A"
    },
    "0xf701-0x280000" : {
      "Action" : 11,
      "Text" : "0x1b 0x1b 0x5b 0x42"
    },
    "0x38-0x40000" : {
      "Action" : 11,
      "Text" : "0x7f"
    },
    "0x33-0x40000" : {
      "Action" : 11,
      "Text" : "0x1b"
    },
    "0xf703-0x220000" : {
      "Action" : 10,
      "Text" : "[1;2C"
    },
    "0xf701-0x240000" : {
      "Action" : 10,
      "Text" : "[1;5B"
    },
    "0xf70d-0x20000" : {
      "Action" : 10,
      "Text" : "[21;2~"
    },
    "0xf702-0x260000" : {
      "Action" : 10,
      "Text" : "[1;6D"
    },
    "0xf729-0x40000" : {
      "Action" : 10,
      "Text" : "[1;5H"
    },
    "0xf706-0x20000" : {
      "Action" : 10,
      "Text" : "[1;2R"
    },
    "0x34-0x40000" : {
      "Action" : 11,
      "Text" : "0x1c"
    },
    "0xf700-0x280000" : {
      "Action" : 11,
      "Text" : "0x1b 0x1b 0x5b 0x41"
    },
    "0x2d-0x40000" : {
      "Action" : 11,
      "Text" : "0x1f"
    },
    "0xf70e-0x20000" : {
      "Action" : 10,
      "Text" : "[23;2~"
    },
    "0xf702-0x220000" : {
      "Action" : 10,
      "Text" : "[1;2D"
    },
    "0xf703-0x280000" : {
      "Action" : 11,
      "Text" : "0x1b 0x1b 0x5b 0x43"
    },
    "0xf700-0x240000" : {
      "Action" : 10,
      "Text" : "[1;5A"
    },
    "0xf707-0x20000" : {
      "Action" : 10,
      "Text" : "[1;2S"
    },
    "0xf70a-0x20000" : {
      "Action" : 10,
      "Text" : "[18;2~"
    },
    "0x35-0x40000" : {
      "Action" : 11,
      "Text" : "0x1d"
    },
    "0xf70f-0x20000" : {
      "Action" : 10,
      "Text" : "[24;2~"
    },
    "0xf703-0x240000" : {
      "Action" : 10,
      "Text" : "[1;5C"
    },
    "0xf701-0x260000" : {
      "Action" : 10,
      "Text" : "[1;6B"
    },
    "0xf702-0x280000" : {
      "Action" : 11,
      "Text" : "0x1b 0x1b 0x5b 0x44"
    },
    "0xf72b-0x20000" : {
      "Action" : 10,
      "Text" : "[1;2F"
    },
    "0x36-0x40000" : {
      "Action" : 11,
      "Text" : "0x1e"
    },
    "0xf708-0x20000" : {
      "Action" : 10,
      "Text" : "[15;2~"
    },
    "0xf701-0x220000" : {
      "Action" : 10,
      "Text" : "[1;2B"
    },
    "0xf70b-0x20000" : {
      "Action" : 10,
      "Text" : "[19;2~"
    },
    "0xf702-0x240000" : {
      "Action" : 10,
      "Text" : "[1;5D"
    },
    "0xf704-0x20000" : {
      "Action" : 10,
      "Text" : "[1;2P"
    }
  },
  "Window Type" : 0,
  "Cursor Type" : 1,
  "Background Image Location" : "",
  "Blur" : false,
  "Badge Color" : {
    "Red Component" : 1,
    "Color Space" : "Calibrated",
    "Blue Component" : 0,
    "Alpha Component" : 0.5,
    "Green Component" : 0
  },
  "Scrollback Lines" : 1000,
  "Send Code When Idle" : false,
  "Close Sessions On End" : true,
  "Terminal Type" : "xterm-256color",
  "Visual Bell" : true,
  "Flashing Bell" : false,
  "Silence Bell" : false,
  "Ansi 14 Color" : {
    "Green Component" : 0.4388971328735352,
    "Blue Component" : 0.4263592660427094,
    "Red Component" : 0.1796993762254715
  },
  "Name" : "Primary_Profile",
  "Cursor Text Color" : {
    "Green Component" : 0.08950852602720261,
    "Blue Component" : 0.08951004594564438,
    "Red Component" : 0.0895112082362175
  },
  "Shortcut" : "",
  "Cursor Color" : {
    "Green Component" : 0.242638885974884,
    "Blue Component" : 0.09856554120779037,
    "Red Component" : 0.9727436900138855
  },
  "Ansi 0 Color" : {
    "Green Component" : 0.2385524958372116,
    "Blue Component" : 0.2637020349502563,
    "Red Component" : 0.2290982306003571
  },
  "Guid" : "0C777B9F-B891-4500-BF20-A03F1F3EDE19",
  "Custom Directory" : "No",
  "Ansi 3 Color" : {
    "Green Component" : 0.6500759720802307,
    "Blue Component" : 0.2083030492067337,
    "Red Component" : 0.771616518497467
  },
  "Ansi 1 Color" : {
    "Green Component" : 0.2461207807064056,
    "Blue Component" : 0.2829656302928925,
    "Red Component" : 0.7465587258338928
  },